{
  "propertyfeed" : {
    "transaction" : "propertyfeed",
    "sampleCount" : 100,
    "errorCount" : 0,
    "errorPct" : 0.0,
    "meanResTime" : 83921.40999999999,
    "medianResTime" : 84237.5,
    "minResTime" : 82131.0,
    "maxResTime" : 88898.0,
    "pct1ResTime" : 84797.8,
    "pct2ResTime" : 84828.55,
    "pct3ResTime" : 88859.01999999997,
    "throughput" : 0.587540613744925,
    "receivedKBytesPerSec" : 107.10669159185316,
    "sentKBytesPerSec" : 0.090655680636424
  },
  "Total" : {
    "transaction" : "Total",
    "sampleCount" : 300,
    "errorCount" : 1,
    "errorPct" : 0.33333334,
    "meanResTime" : 94553.60000000005,
    "medianResTime" : 84625.5,
    "minResTime" : 1103.0,
    "maxResTime" : 185389.0,
    "pct1ResTime" : 175557.80000000002,
    "pct2ResTime" : 180843.19999999998,
    "pct3ResTime" : 184822.38,
    "throughput" : 0.9252262949313019,
    "receivedKBytesPerSec" : 111.58197492925873,
    "sentKBytesPerSec" : 0.1388441803266049
  },
  "incidentfeed" : {
    "transaction" : "incidentfeed",
    "sampleCount" : 100,
    "errorCount" : 1,
    "errorPct" : 1.0,
    "meanResTime" : 154110.81000000008,
    "medianResTime" : 164841.0,
    "minResTime" : 113602.0,
    "maxResTime" : 185389.0,
    "pct1ResTime" : 183359.0,
    "pct2ResTime" : 184678.25,
    "pct3ResTime" : 185385.0,
    "throughput" : 0.4161603382551229,
    "receivedKBytesPerSec" : 73.21917269535606,
    "sentKBytesPerSec" : 0.06421223969170842
  },
  "homepage" : {
    "transaction" : "homepage",
    "sampleCount" : 100,
    "errorCount" : 0,
    "errorPct" : 0.0,
    "meanResTime" : 45628.57999999999,
    "medianResTime" : 25227.5,
    "minResTime" : 1103.0,
    "maxResTime" : 123181.0,
    "pct1ResTime" : 119381.90000000001,
    "pct2ResTime" : 120536.1,
    "pct3ResTime" : 123166.28,
    "throughput" : 0.8107801326436297,
    "receivedKBytesPerSec" : 2.888404222542931,
    "sentKBytesPerSec" : 0.11480773362629523
  }
}